{"cameraMode":{"drawMode":0,"name":"Shaded","section":"Shading Mode"},"sceneLighting":false,"audioPlay":false,"sceneViewState":{"showFog":true,"showMaterialUpdate":false,"showSkybox":false,"showFlares":true,"showImageEffects":true,"showParticleSystems":true},"in2DMode":false,"pivot":{"x":-0.1074182391166687,"y":1.4163110256195069,"z":0.1059010922908783},"rotation":{"x":-0.002536288695409894,"y":0.9933493137359619,"z":-0.11373473703861237,"w":-0.021740520372986795},"size":1.4494857788085938,"orthographic":false}