{"cameraMode":{"drawMode":0,"name":"Shaded","section":"Shading Mode"},"sceneLighting":false,"audioPlay":false,"sceneViewState":{"showFog":true,"showMaterialUpdate":false,"showSkybox":false,"showFlares":true,"showImageEffects":true,"showParticleSystems":true},"in2DMode":false,"pivot":{"x":0.04410511255264282,"y":1.4586362838745118,"z":-0.8519399762153626},"rotation":{"x":-0.0801394060254097,"y":0.8752909898757935,"z":-0.1554747074842453,"w":-0.45096156001091006},"size":2.1565816402435304,"orthographic":false}