{"cameraMode":{"drawMode":0,"name":"Shaded","section":"Shading Mode"},"sceneLighting":false,"audioPlay":false,"sceneViewState":{"showFog":true,"showMaterialUpdate":false,"showSkybox":false,"showFlares":true,"showImageEffects":true,"showParticleSystems":true},"in2DMode":false,"pivot":{"x":-0.3601030111312866,"y":1.2929693460464478,"z":0.0},"rotation":{"x":-0.14712651073932649,"y":0.7820674180984497,"z":-0.20133258402347566,"w":-0.5712670087814331},"size":1.6814477443695069,"orthographic":false}