{"cameraMode":{"drawMode":0,"name":"Shaded","section":"Shading Mode"},"sceneLighting":false,"audioPlay":false,"sceneViewState":{"showFog":true,"showMaterialUpdate":false,"showSkybox":false,"showFlares":true,"showImageEffects":true,"showParticleSystems":true},"in2DMode":false,"pivot":{"x":4.76837158203125e-7,"y":0.8618142008781433,"z":-0.03827614337205887},"rotation":{"x":0.020529309287667276,"y":0.9766448736190796,"z":-0.1088605672121048,"w":0.18440455198287965},"size":1.250514268875122,"orthographic":false}