{"cameraMode":{"drawMode":0,"name":"Shaded","section":"Shading Mode"},"sceneLighting":false,"audioPlay":false,"sceneViewState":{"showFog":true,"showMaterialUpdate":false,"showSkybox":false,"showFlares":true,"showImageEffects":true,"showParticleSystems":true},"in2DMode":false,"pivot":{"x":1.4901161193847657e-7,"y":4.922651767730713,"z":0.05221167206764221},"rotation":{"x":-0.007851754315197468,"y":0.9429208040237427,"z":-0.3324832320213318,"w":-0.022027309983968736},"size":0.9428941607475281,"orthographic":false}