{"cameraMode":{"drawMode":0,"name":"Shaded","section":"Shading Mode"},"sceneLighting":false,"audioPlay":false,"sceneViewState":{"showFog":true,"showMaterialUpdate":false,"showSkybox":false,"showFlares":true,"showImageEffects":true,"showParticleSystems":true},"in2DMode":false,"pivot":{"x":-0.3601030111312866,"y":1.2929693460464478,"z":0.0},"rotation":{"x":-0.08397895097732544,"y":0.9138785600662231,"z":-0.31300416588783266,"w":-0.24492934346199037},"size":1.6814477443695069,"orthographic":false}